Track Name,Artist Name,URI,Lyrics
Fast Car,Luke Combs,spotify:track:1Lo0QY9cvc8sUB2vnIOxDT,"['Maybe we make a deal', 'Maybe together we can get somewhere', 'Any place is better', ""Startin' from zero, got nothin' to lose"", ""Maybe we'll make something"", ""Me, myself, I got nothin' to prove"", 'You got a fast car', 'And I got a plan to get us out of here', ""I've been workin' at the convenience store"", 'Managed to save just a little bit of money', ""Won't have to drive too far"", 'Just across thе border and into the city', 'And you and I can both get jobs', ""Finally see what it mеans to be livin'"", ""See, my old man's got a problem"", ""He live in the bottle, that's the way it is"", ""He said his body's too old for working"", ""His body's too young to look like his"", 'So Mama went off and left him', 'She wanted more from life than he could give', ""I said, somebody's got to take care of him"", ""So I quit school and that's what I did"", 'You got a fast car', 'Is it fast enough so we can fly away?', 'Still gotta make a decision', 'Leave tonight or live and die this way', 'So I remember when we were driving, driving in your car', 'Speed so fast, I felt like I was drunk', 'City lights lay out before us and your arm felt nice wrapped around my shoulder', 'And I, I, had a feeling that I belonged', 'I, I, had a feeling I could be someone, be someone, be someone', 'You got a fast car', 'We go cruising and entertain ourselves', ""You still ain't got a job"", 'So I work in the market as a checkout girl', 'I know things will get better', ""You'll find work and I'll get promoted"", ""And we'll move out of the shelter"", 'Buy a bigger house, live in the suburbs', 'Said I remember when we were driving, driving in your car', 'Speed so fast, I felt like I was drunk', 'City lights lay out before us and your arm felt nice wrapped around my shoulder', 'And I, I, had a feeling that I belonged', 'I, I, had a feeling I could be someone, be someone, be someone', 'You got a fast car', 'I got a job that pays all our bills', 'You stay out drinking late at the bar', 'See more of your friends than you do your kids', ""I'd always hoped for better"", 'Thought maybe together you and me would find it', ""I got no plans, I ain't goin' nowhere"", 'Take your fast car and keep on driving', 'So I remember when we were driving, driving in your car', 'Speed so fast, I felt like I was drunk', 'City lights lay out before us and your arm felt nice wrapped around my shoulder', 'And I, I, had a feeling that I belonged', 'I, I, had a feeling I could be someone, be someone, be someone', 'You got a fast car', 'Is it fast enough so we can fly away?', 'Still gotta make a decision']"
Dancin’ In The Country,Tyler Hubbard,spotify:track:2KtGiBi5CrX2ERPD2PAS34,"[""But we ain't got"", 'No room to move, no room to move', 'We need some space and I know a place', ""Outside of town where it don't ever close down"", 'No, we never close down', 'Yeah, we can two-step', 'Put your boots on, baby, we can do that', 'Girl, cut a little loose, you can move that', 'Move that, aw, yeah', ""I'll take you dancin' in the country, Levi's in them low beams"", 'Spin you in some red dirt, sweep you off of both feet', 'Out here where the sun sets, Silverado backbeat', ""You'll never wanna go home and never wanna not be"", ""Dancin' in the country"", ""Dancin' in the country"", 'Yeah, it goes left, right, left', ""You makin' me wanna sway"", ""You makin' me wanna play"", 'Some Alabama and Jackson', ""Got you 'round my neck"", ""You makin' me wanna stay"", ""You makin' me wanna lay"", 'You down here in the pasture', 'Yeah, we can two-step', 'Put your boots on, baby, we can do that', 'Girl, cut a little loose, you can move that', 'Move that, aw, yeah', ""I'll take you dancin' in the country, Levi's in them low beams"", 'Spin you in some red dirt, sweep you off of both feet', 'Out here where the sun sets, Silverado backbeat', ""You'll never wanna go home and never wanna not be"", ""Dancin' in the country"", ""Dancin' in the country"", 'Oh, yeah', 'I know you feel that heat', 'Watermelon summer', 'Get them Luccheses', ""Stompin' like the thunder, yeah"", 'We can two-step', 'Put your boots on, baby, we can do that', 'Girl, cut a little loose, you can move that (Woo)', 'Move that, aw, yeah', ""I'll take you dancin' in the country, Levi's in them low beams"", 'Spin you in some red dirt, sweep you off of both feet (Oh, yeah)', 'Out here where the sun sets, Silverado backbeat', ""You'll never wanna go home and never wanna not be"", ""Dancin' in the country (Don't stop, don't stop, keep it movin')"", ""Dancin' in the country (Don't stop, don't stop, keep it movin')"", ""Dancin' in the country (Don't stop, don't stop, keep it movin')"", 'Oh, yeah', ""Dancin' in the country (Don't stop, don't stop, keep it movin')""]"
Girl In Mine,Parmalee,spotify:track:2DPqR0kuZVjrOF5oxIRYPy,"['Couple billion in the world', ""Baby, you're the only girl in mine"", 'You took the single out of my life', ""Now I can't wait to see you tonight"", ""In my CJ seat, messin' with my rear view"", ""No, I don't feel like me, girl, if I ain't got you"", 'In my T-shirt, in my ride', ""Runnin' circles in my mind"", 'Couple billion in the world', ""Baby, you're the only girl"", 'In that picture in my pocket', 'On my cell phone when I lock it', ""It's all you, no lie"", ""Baby, you're the only girl in mine"", ""(You're the only girl in)"", ""Nah, there ain't nothin' I want to myself"", ""If it's up to me, there'd never be nobody else"", 'In that blue beach chair by my side in the sun', ""Don't even wanna be there, girl, if you ain't the one"", 'In my T-shirt, in my ride', ""Runnin' circles in my mind"", 'Couple billion in the world', ""Baby, you're the only girl"", 'In that picture in my pocket', 'On my cell phone when I lock it', ""It's all you, no lie"", ""Baby, you're the only girl"", ""In my head when I'm dreamin'"", 'In my Friday every weekend', 'All my days, my nights', ""Baby, you're the only girl in mine"", ""Yeah, you're the only girl in mine"", 'You took the single, mm, out of my life', ""Now, girl, you'll always be the only one I wanna see"", 'Up in my T-shirt, in my ride', ""Runnin' circles in my mind"", 'Couple billion in the world', ""Baby, you're the only girl"", 'In that picture in my pocket', 'On my cell phone when I lock it', ""It's all you, no lie"", ""Baby, you're the only girl in mine"", ""You're the only girl in mine""]"
Out Of That Truck,Carrie Underwood,spotify:track:1xdsRkWxWWUkKhh9hRtfYp,"[""Yeah, that's my strawberry wine stain"", 'My nail polish on the tailgate', 'So much of me left, I bet, you must get déja vu', ""When you're runnin' around in that stick shift Chevy, I bet it drives you crazy"", ""Thinkin' about us on every other back road, baby"", ""You got someone new on your bench seat, tryin' to forget me lately"", ""But my memory's stuck, so good luck"", 'Tryna get me out of that truck', ""So go on, touch that paint up where I scratched the driver's side"", ""That won't take back all our weekend for no reason rides"", 'Yeah, I bet the left side of the flatbed', 'Will always be mine in your head', ""Even though it's not me counting stars with you tonight"", ""When you're runnin' around in that stick shift Chevy, I bet it drives you crazy"", ""Thinkin' about us on every other back road, baby"", ""You got someone new on your bench seat, tryin' to forget me lately"", ""But my memory's stuck, so good luck"", 'Tryna get me out of that truck, yeah', 'Ooh, you can shine it up, you can clean it out', 'Spin those tires all over town', ""When the music's up and the window's down"", ""I'm the one you're thinking 'bout"", 'My Silverado silhouette', 'Still shotgun riding in your head', ""So when you're runnin' around in that stick shift Chevy, I bet it drives you crazy"", ""Thinkin' about us on every other back road, baby"", 'You got someone new on your bench seat, trying to forget me lately', ""But my memory's stuck, so good luck"", 'Tryna get me out of that truck', 'Mm-hmm', 'My Silverado silhouette']"
Last Night,Morgan Wallen,spotify:track:59uQI0PADDKeE6UZDTJEe8,"['You told me that you wish I was somebody you never met', ""But baby, baby somethin's tellin' me this ain't over yet"", 'No way it was our last night', 'I kiss your lips', 'Make you grip the sheets with your fingertips', 'Last bottle of Jack, we split a fifth', ""Just talkin' about life goin' sip for sip, yeah"", 'You, you know you love to fight', ""And I say shit I don't mean"", ""But I'm still gon' wake up wantin' you and me"", 'I know that last night we let the liquor talk', ""I can't remember everything we said but we said it all"", 'You told me that you wish I was somebody you never met', ""But baby, baby somethin's tellin' me this ain't over yet"", 'No way it was our last night (Last night)', 'No way it was our last night (Last night)', 'No way it was the last night that we break up', 'I see your tail lights in the dust', 'You called your momma, I call your bluff', 'In the middle of the night, pull her right back up', 'Yeah my, my friends say ""Let her go""', 'Your friends say ""What the hell?""', ""I wouldn't trade your kind of love for nothin' else"", 'Oh baby, last night we let the liquor talk', ""I can't remember everything we said but we said it all"", 'You told me that you wish I was somebody you never met', ""But baby, baby somethin's tellin' me this ain't over yet"", ""No way it was our last night, we said we'd had enough"", 'I can’t remember everything we said but we said too much', 'I know you packed your shit and slammed the door right before you left', 'But baby, baby somethin’s tellin’ me this ain’t over yet', 'No way it was our last night (Last night)', 'No way it was our last night (Last night)', ""I know you said this time you really weren’t comin' back again"", 'But baby, baby somethin’s tellin’ me this ain’t over yet', 'No way it was our last night (Last night)']"
Glory Days,Gabby Barrett,spotify:track:7qaMlLPdwNiiU1Uiy1oAdO,"['Got my head on your shoulder and my hand on your heart', ""Watchin' the barefoot babies laughin' and pickin' daisies"", ""Catchin' the fireflies in a jar"", ""This is as good as it gets, I don't know what I would change"", 'I love this life that we live, I love that smile on your face', ""No, we ain't gotta look back at all those pictures in frames"", ""And wish it'd all stay the same"", '\'Cause right here, right now I say, ""These are the glory days""', ""It's a first sip of coffee in a quiet house"", ""It's Bible verses in the kitchеn like it's holy ground"", ""Livin' right don't cost a thing, it's slow roll of a porch swing, it's"", ""Dogs runnin' while the birds arе singin', it's you picking that six-string"", ""This is as good as it gets, I don't know what I would change"", 'I love this life that we live, I love that smile on your face', ""No, we ain't gotta look back at all those pictures in frames"", ""And wish it'd all stay the same"", '\'Cause right here, right now I say, ""These are the glory days""', 'Ooh, these are the glory days', ""This is as good as it gets, I don't know what I would change"", 'I love this life that we live, I love that smile on your face', ""No, we ain't gotta look back at all those pictures in frames"", ""And wish it'd all stay the same"", '\'Cause right here, right now I say, ""These are the glory days""', 'Yeah, right here, right now I say, ""These are the glory days""']"
Outskirts,Sam Hunt,spotify:track:2E0bqoMlIb2xmFyZHRjtzK,"['Up and down all these avenues', ""Doin' everything but thinkin' 'bout you"", ""As long as I stay on 'em, I'm fine"", 'The city side of those city limit signs', ""You don't really cross my mind"", 'But soon as I get out here on the outskirts', ""I wish I was runnin' by your house first"", ""Somethin' 'bout a summer in the south sure"", 'Shines like gold down these old', 'Round bail, river valley back roads', 'Way back in the holler where the grass grows', 'God almighty, baby, we were that close', ""To ditchin' this town and settlin' down"", 'Out here on the outskirts', ""If I'da had a lick of damn sense"", ""I'd be on the greener side of that fence"", ""Little starter house we've finally outgrown"", ""Twelve-hundred feet we're 'bout to add on"", ""Smilin' out there watchin' them"", ""Big ol' yellow buckets 'bout to break ground"", ""While you're shootin' all my baby names down"", 'But soon as I get out here on the outskirts', ""I wish I was runnin' by your house first"", ""Somethin' 'bout a summer in the south sure"", 'Shines like gold down these old', 'Round bail, river valley back roads', 'Way back in the holler where the grass grows', 'God almighty, baby, we were that close', ""To ditchin' this town and settlin' down"", 'Out here on the outskirts', ""I'm over all these Saturday nights"", 'I miss the stars in your eyes', 'We were gonna give up on the fast life', ""Have a couple babies, raise 'em up right"", ""Take 'em to the river, get 'em baptized"", ""Back in our day, if I'da just stayed"", ""I wouldn't be livin' in this condo"", ""Hangin' out with Hailey from Toronto"", 'God almighty, baby, we were that close', ""To ditchin' uptown, puttin' roots down""]"
World on Fire,Nate Smith,spotify:track:5ya0TmUQw2wHMkq36rPsnd,"['You coulda left this town out of it', 'When you said goodbye', 'You ruined everything I love', 'Ripped my heart right out my chest', ""Girl, it's like there ain't nothing left"", 'You set my world on fire', ""Yeah, it's all long gone"", ""I'm watching flames get higher"", ""And I can't move on"", 'I just gotta let it burn, burn, burn on down', ""Girl, without you it don't turn, turn, turn around"", 'You set my world on fire', 'You set my world on fire', ""Can't hit that corner bar"", ""Can't even ride them roads"", ""Don't know my way around this place"", ""I can't see through the smoke"", 'Piled up every memory', 'Yeah, you took the good with all the bad', ""Why'd you have to strike that match"", 'And set my world on fire', ""Yeah, it's all long gone"", ""I'm watching flames get higher"", ""And I can't move on"", 'I just gotta let it burn, burn, burn on down', ""Girl, without you it don't turn, turn, turn around"", 'You set my world on fire', 'You set my world on fire', ""Ain't nothing left for me"", 'In this old nothing town', ""Guess all we'll be is ashes on the ground"", 'So, I watch it burn, burn, burn on down', ""Ain't nothing I can hold on to right now"", 'You set my', 'You set my world on fire', ""Yeah, it's all long gone"", ""I'm watching flames get higher"", ""And I can't move on"", 'I just gotta let it burn, burn, burn on down', ""Girl, without you it don't turn, turn, turn around"", 'You set my world on fire', 'You set my world on fire', 'You set my world on fire', 'You set my world on fire', 'You set my world on fire']"
What If I Don't,Shaylen,spotify:track:6JsDkVknNaXZ6fIl33D30R,"['But not with you', 'Yeah', ""I thought that thinking 'bout you every day"", 'That getting drunk and calling you so late', 'I know this wanting you is just a phase', ""And with a little time I'll be okay"", ""What if I'm not strong as I think?"", ""What if in two years I still can't sleep"", 'What if I meet somebody new', ""And every kiss feels like I'm cheating on you"", 'What if we made a big mistake?', 'What if my heart never unbreaks?', 'People move on, people let go', 'What if you do?', ""What if I don't?"", 'What if whiskey makes me miss you forever?', 'What if I go out and see you doing better than ever?', 'Yeah', ""I thought that thinking 'bout you every day"", 'That getting drunk and calling you so late', 'I know this wanting you is just a phase', ""Maybe for you it is, but for me it ain't"", ""What if I'm not strong as I think?"", ""What if in two years I still can't sleep"", 'What if I meet somebody new', ""And every kiss feels like I'm cheating on you"", 'What if we made a big mistake?', 'What if my heart never unbreaks?', 'People move on, people let go', 'What if you do?', ""What if I don't?"", 'Ever stop loving you', 'Ever stop needing you', ""What if I, what if I don't?"", 'Ever stop going through', ""Hell that I'm going through?"", 'Oh', ""Oh what if I, what if I don't?"", 'No', ""What if I'm not strong as I think?"", ""What if in two years I still can't sleep"", 'What if I meet somebody new', ""And every kiss feels like I'm cheating on you"", 'What if we made a big mistake?', 'What if my heart never unbreaks?', 'People move on, people let go', 'What if you do?', 'I wanna move on, wanna let go', 'What if you do?', ""What if I don't?""]"
Religiously,Bailey Zimmerman,spotify:track:0bILU0UiNDmA5Ff6whhb2R,"['You look happy, I guess, got the life that you wanted', ""But it ain't with me"", ""You would think by now that I wouldn't care"", ""It's been a couple years and, yeah, I've had my share"", 'Of other broken-up hearts, but I only shed real tears over ours', ""And now I'm in this cold bright light"", ""And this don't even feel like life"", ""'Cause I don't have the only woman who believed in me"", 'Religiously', ""And now I'm in the back of the church"", ""Prayin' just to stop the hurt"", ""'Cause I don't have the only woman who was there for me"", 'Religiously', ""Remember watchin' you play me our song on guitar"", ""I thought I'd marry you"", ""Act like I'm happier now, but all of my friends know"", ""That ain't the truth"", ""And lately life's been good to me"", ""Mama's healthy and I'm helpin' out the whole family"", 'Lotta people know my name, I made a little change', ""But that don't mean nothin'"", ""'Cause now I'm in this cold bright light"", ""And this don't even feel like life"", ""'Cause I don't have the only woman who believed in me"", 'Religiously', ""And now I'm in the back of the church"", ""Prayin' hard just to stop the hurt"", ""'Cause I don't have the only woman who was there for me"", 'Religiously', 'You brought me to God and I put you through hell', 'You were all about us, I was all about myself', 'What kind of man would lose a woman like that?', 'If my soul could be forgiven, I would give it all back', ""Now I'm in this cold bright light"", ""And this don't even feel like life"", ""'Cause I don't have the only woman who believed in me"", 'Religiously', ""And now I'm in the back of the church"", ""Beggin' God just to stop the hurt"", ""'Cause I don't have the only woman who believed in me"", 'Religiously', ""I ain't got the only woman who was there for me""]"
Record High,Dylan Marlowe,spotify:track:7KTouudlySEWXOWHAuFAFv,"[""For reds I've smoked on the porch outside"", ""Here tonight it's looking like"", 'Its gonna be a record high', ""For times I've played that get her back song"", ""And this little bit of time shes been gone ain't been long"", ""Who'd have thought that it would hurt this bad"", ""I ain't ever seen nobody leave somebody like that"", 'Chorus', ""Cause i ain't ever seen gravel fly that high"", ""Ain't ever seen more tears in a pair of green eyes"", ""I ain't ever seen taillights burn that bright"", 'Never heard her cuss more than she did last night', ""I ain't ever its gotta be a record high"", 'Goodbye', 'Verse 2', 'Its gonna be a record low', 'For how far from foolish jack will go', 'From just one night in this house alone with her ghost', 'Heaven only knows', 'If ill ever let her go', 'You might also likeChorus', ""Cause i ain't ever seen gravel fly that high"", ""Ain't ever seen more tears in a pair of green eyes"", ""I ain't ever seen taillights burn that bright"", 'Never heard her cuss more than she did last night', ""I ain't ever its gotta be a record high"", 'Goodbye', 'Yeah goodbye', 'Chorus)', ""Cause i ain't ever seen gravel fly that high"", ""Ain't ever seen more tears in a pair of green eyes"", ""I ain't ever seen taillights burn that bright"", 'Never heard her cuss more than she did last night', ""I ain't ever its gotta be a record high""]"
Looking for You,Chris Young,spotify:track:67IfTiMwPNN0wQE7Scfzu9,"['To that bar that night', 'Under those neon lights', 'From the moment that you touched me', ""I was hoping that you'd love me"", 'Forever and ever, for all time', ""Didn't know that I had been so blind"", 'But you opened my eyes', 'I was looking more single every single weekend', 'Looking for a feeling to get my heart beating', 'Looking for an up all night long', 'The right kiss, right song', 'Looking for a sunrise leading to a sunset', 'Looking for a someone I can spend it with', 'Then it came around, right out of the blue', 'And it turns out', 'Oh, I was looking for you', 'Yeah, I was looking for you', ""Couldn't have just been anyone"", 'The way you smiled and said my name', 'Girl, you were so original', ""I knew I'd never be the same"", 'I was looking more single every single weekend', 'Looking for a feeling to get my heart beating', 'Looking for an up all night long (All night)', 'The right kiss, right song (All night)', 'Looking for a sunrise leading to a sunset', 'Looking for a someone I can spend it with', 'Then it came around right out of the blue', 'And it turns out', 'Oh, I was looking for you', 'I was looking for you', ""I didn't know that I had been so blind"", 'But you opened my eyes', 'I was looking more single every single weekend', 'Looking for a feeling to get my heart beating', 'Looking for an up all night long (All night)', 'The right kiss, right song', 'Looking for a sunrise leading to a sunset', 'Looking for a someone I can spend it with', 'Then it came around right out of the blue', 'And it turns out', 'Oh, I was looking for you']"
Watermelon Moonshine,Lainey Wilson,spotify:track:6KaKmX6EIu3x2057HoZwQF,"[""We went a-ridin' them old farm ruts"", ""Hangin' out on the gate of his truck"", ""We threw a blanket 'neath the sunset"", ""Bein' brave as eighteen gets"", 'We gave each other more than our hearts', 'With the help of a mason jar', ""Drinkin' watermelon moonshine"", 'Cut the burn with a little lime', ""Parkin' back in them kudzu vines"", 'I was his and every bit of that boy was minе', 'Too young to know what love was', ""But we werе learnin' on a sweet buzz"", ""There's never nothin' like the first time"", ""And mine's always gonna taste like"", 'Watermelon moonshine', ""I don't remember where we got it from"", ""I just remember feelin' all grown up"", ""Takin' pulls like it ain't no thing"", 'Never told him it was my first drink', 'But I told him that he was the one', ""You're so sure when you're that young"", 'You think you got it all figured out', 'And now I laugh when I think about', ""Drinkin' watermelon moonshine"", 'Cut the burn with a little lime', ""Parkin' back in them kudzu vines"", 'I was his and every bit of that boy was mine', 'Too young to know what love was', ""But we were learnin' on a sweet buzz"", ""There's never nothin' like the first time"", ""And mine's always gonna taste like"", 'Watermelon moonshine', 'I thought that high would last forever', ""But that ain't what it does"", 'Maybe we were drunk in love', 'Or maybe we were just', ""Drinkin' watermelon moonshine"", 'Cut the burn with a little lime', ""Parkin' back in them kudzu vines"", 'I was his and every bit of that boy was mine', 'Too young to know what love was', ""But we were learnin' on a sweet buzz"", ""There's never nothin' like the first time"", ""And mine's always gonna taste like"", 'Watermelon moonshine']"
Your Heart Or Mine,Jon Pardi,spotify:track:7ETjhPaIU4UmHOiimJBZz9,"['A little you, a little me', ""In the same vicinity and it's on"", 'Everyone is the first last time', 'Walk away, then, we hit rewind', 'A little touch, a little buzz', ""Don't know what keeps keepin' it up"", 'Is it your heart or mine?', 'Is it whiskey or wine?', ""Is it somethin' in the night"", ""Makin' us wanna cross that line?"", ""Girl, we're playin' with fire"", ""Love ain't too far behind"", ""It's just a matter of time"", ""'Til it finds your heart or mine"", ""We say that it ain't no thing"", 'We say it, then, the telephone rings', 'A hello, arе you at home', ""'Cause I'm all alone missin' you"", ""Wе swear it ain't love, love, love"", ""But you're there when the sun comes up"", ""We swear it ain't love, love, love"", 'But it always comes back to us', 'Is it your heart or mine?', 'Is it whiskey or wine?', ""Is it somethin' in the night"", ""Makin' us wanna cross that line?"", ""Girl, we're playin' with fire"", ""Love ain't too far behind"", ""It's just a matter of time"", ""'Til it finds your heart or mine"", ""We swear it ain't love, love, love"", ""We swear it ain't love, love, love"", 'Is it your heart or mine?', 'Is it whiskey or wine?', ""Is it somethin' in the night"", ""Makin' us wanna cross that line?"", ""Girl, we're playin' with fire"", ""Love ain't too far behind"", ""It's just a matter of time"", ""'Til it finds your heart or mine""]"
Bury Me in Georgia - Single Edit,Kane Brown,spotify:track:2mltIbKkhQqyh8gCzaqxqA,"['Mm-hmm', 'Ten miles out of Chattanooga', 'South of that state line', ""There's a no-name road off Highway 2"", 'Just past the welcome sign', ""It's where I was born, it's where I was raised"", ""Ain't sayin' I'm ready yet"", ""But that's the place I wanna be after my last breath"", 'Bury me in Georgia', 'Let me rest in peace', 'Underneath the pines, yeah, yeah, yeah', 'Where my roots run deep (Where my roots run deep)', ""When it's my day, put me in that clay"", 'And remember what I told you', 'When I die, bury me in Georgia', 'Mm-hmm', ""Yeah, I don't care what color my suit is"", ""Or what shoes y'all put on my feet"", ""I don't care how many show up, yeah"", 'Or who reads my eulogy', 'Just take me out to that graveyard', 'Sing a send me home song', 'Put ""Go Dawgs"" on my headstone (Headstone)', 'And pile that red dirt on', 'Bury me in Georgia (Woo)', 'Let me rest in peace', 'Underneath the pines, yeah, yeah, yeah', 'Where my roots run deep (Where my roots run deep)', ""When it's my day, put me in that clay"", 'And remember what I told you', 'When I die, bury me in Georgia', 'Georgia', 'Hell, yeah', 'Check this out', 'For my final will and testament', 'Let this be my last request', 'Leave it all to my family', ""You already know what's next"", 'Yeah, bury me in Georgia', 'Bury me in Georgia', 'Let me rest in peace', 'Underneath the pines, yeah, yeah, yeah', 'Where my roots run deep (Where my roots run deep)', ""When it's my day, put me in that clay"", 'And remember what I told you']"
Need A Favor,Jelly Roll,spotify:track:5twSy6ffBrF03mnNUsUgJZ,"['So\u2005who the hell am I, who\u2005the hell am I to expect a savior, oh', 'If I only talk to God when I need a favor?', 'But, God, I need a favor', ""I know amazin' grace, but I ain't been livin' them words"", 'Swear I spend most Sundays', 'Drunk off my ass than I have at church', 'Hard cover King James', ""Only been savin' dust on the nightstand"", ""And I don't know what to say"", 'By the time I fold my hands', 'I only talk to God when I need a favor', ""And I only pray when I ain't got a prayer"", 'So who the hell am I, who the hell am I to expect a savior, oh', 'If I only talk to God when I need a favor?', 'But, God, I need a favor', 'Amen, amen', 'Yeah, I owe you more than one', ""And beggars can't be choosers"", ""But I'll pay for all I've done"", ""Just pleasе don't let me lose hеr"", 'I only talk to God when I need a favor', ""And I only pray when I ain't got a prayer"", 'So who the hell am I, who the hell am I to expect a savior, oh', 'If I only talk to God when I need a favor?', 'But, God, I need a favor', 'Amen, amen', 'Amen, amen', ""Hangin' in there just barely"", ""Throwin' up prayers like Hail Marys"", ""If You're still there, Lord, spare me"", 'Oh, my God, oh, my God, Hail Mary', ""Hangin' in there just barely"", ""Throwin' up prayers like Hail Marys"", ""If You're still there, Lord, spare me"", 'Oh, my God, oh, my God, Hail Mary', 'I only talk to God when I need a favor', ""And I only pray when I ain't got a prayer"", 'So tell me, who the hell am I to expect a savior', 'When I only talk to God if I need a favor?', 'And, God, I need a favor', 'Amen', 'God, I need a favor', 'Woah']"
Country Boy's Dream Girl,Ella Langley,spotify:track:1UlwFwRrb4Kth3TwnjBAJV,"[""Some boys want 'em pretty as a picture"", ""Hangin' on their arm, not sayin' a thing"", ""Ooh, if that's what you're lookin' for"", ""Ooh, then I ain't what you're lookin' for"", 'But if you wanna ride real slow', 'Wind it down a red-dirt road', 'Maybe crank a little old George Jones', ""Somethin' in your sweet tea, you're barkin' up the right tree"", 'If you like a sky full of stars', ""You ain't gotta look too far"", 'Love you on the back porch, kiss you on the dance floor', 'In a T-shirt and faded jeans', ""I'm a country boy's dream girl"", 'Girls like me like to kick it on a river bank', 'And go out in cowboy boots', 'Fire in a field, tailgate, four wheels', ""Sixer on ice with nothin' to do"", 'I can make your wish come true', 'But if you wanna ride real slow', 'Wind it down a red-dirt road', 'Maybe crank a little old Curtis Loew', ""Somethin' in your sweet tea, you're barkin' up the right tree"", 'If you like a sky full of stars', ""You ain't gotta look too far"", 'Love you on the back porch, kiss you on the dance floor', 'In a T-shirt and faded jeans', ""I'm a country boy's dream girl"", ""Ooh, if that's what you're lookin' for"", ""Ooh, then, boy, I'm what you're lookin' for"", 'But if you wanna ride real slow', 'Wind it down a red-dirt road', 'Maybe crank a little old George Jones', ""Somethin' in your sweet tea, you're barkin' up the right tree"", 'If you like a sky full of stars', ""You ain't gotta look too far"", 'Love you on the back porch, kiss you on the dance floor', 'In a T-shirt and faded jeans', ""I'm a country boy's dream girl"", ""I'm a country boy's dream girl""]"
TRUCK BED,HARDY,spotify:track:103u49mLoJUge83B1CnLxI,"['Damn, she got some nerve way she kicked me to the curb', 'Guess you can say I got what I deserve', ""'Cause I woke up on the wrong side of the truck bed this morning"", '(Yeah)', 'She said, ""Don\'t come home if you go to the bar""', 'I said, ""Okay, baby"" then got drunk out in the yard', '2 AM I knock knock knocked up on the door', ""But she never unlock-locked it, guess I don't live there no more"", 'Yeah, she meant business this time', ""I can't believe my bloodshot eyes"", 'I woke up on the wrong side of the truck bed this morning', 'With a bone-dry bottle of Jack I was pouring', 'Damn, she got some nerve way she kicked me to the curb', 'Guess you can say I got what I deserve', ""'Cause I woke up on the wrong side of the truck bed this morning"", '(Yeah)', 'I used that empty bag of corn to rest my head', 'A camo jacket for a blanket then passed out like I was dead', 'Still got one heck of a buzz', ""If I look a train wreck it's because"", 'I woke up on the wrong side of the truck bed this morning', 'With a bone-dry bottle of Jack I was pouring', 'Damn, she got some nerve way she kicked me to the curb', 'Guess you can say I got what I deserve', ""'Cause I woke up on the wrong side of the truck bed this morning, yeah"", 'I woke up on the wrong side of the truck bed this morning, yes I did', ""I can't believe I gotta be at work at nine"", ""That fuckin' bird's about to catch this .45"", 'Oh, I guess if this really is goodbye (Ha)', 'At least I took my boots off this time, uh', 'I woke up on the wrong side of the truck bed this morning', 'With a bone-dry bottle of Jack I was pouring', 'Damn, she got some nerve way she kicked me to the curb', 'Guess you can say I got what I deserve', 'I woke up on the wrong side of the truck bed this morning', 'With a bone-dry bottle of Jack I was pouring', 'Damn, she got some nerve way she kicked me to the curb']"
"You, Me, And Whiskey",Justin Moore,spotify:track:2BLlpdGCv0IErmH3OBGHYJ,"[""Since I've seen that lettin' down your hair"", 'Double-dog-dare look in your eyes', ""Oh, and you've been burnin' it at both hands"", 'Been a hot minute since you flipped that switch', ""Girl, it ain't nobody's fault, shut the world off"", 'And turn it back to when', 'It was you, me, and whiskey all night long', ""Sinkin' to the bottom of them country songs"", ""Fire burnin' hot 'til the last drop's gone"", ""Let's turn it up, turn it up"", ""'Til we take that Black Label buzz too far"", 'And say them things that stay in the dark', ""Ain't nothin' as sweet, ain't nothin' as strong"", 'As you, me, and whiskey all night long', 'I see you still got that knock-it-back shot glass', ""Girl, you ain't missed a beat"", 'You already let a little four lettеr slip', 'And your hands are all over me', ""And you'rе already talkin' dirty and it's only 10:30"", 'We know where it goes from here', ""I can't find this me in a red wine glass"", ""Yeah, and I can't find it in a beer"", ""It's you, me, and whiskey all night long"", ""Sinkin' to the bottom of them country songs"", ""Fire burnin' hot 'til the last drop's gone"", ""Let's turn it up, turn it up"", ""'Til we take that Black Label buzz too far"", 'And say them things that stay in the dark', ""Ain't nothin' as sweet, ain't nothin' as strong"", 'As you, me, and whiskey all night long', 'Yeah, baby', 'Whiskey all night long', 'You, me, and whiskey all night long', ""Sinkin' to the bottom of them country songs"", ""Turnin' this house to a honky tonk"", ""Let's turn it up, turn it up"", ""'Til we take that Black Label buzz too far"", 'And say them things that stay in the dark', ""Ain't nothin' as sweet, ain't nothin' as strong"", 'As you, me, and whiskey all night long']"
Stars Like Confetti,Dustin Lynch,spotify:track:5wtPc1OQ7g1H8FBkwWqbhh,"['The road was dirt', ""A couple kids waitin' on the sun"", 'Cherry red', 'Baby, I still recall the taste', 'We were a few beers shy of freedom', 'I had my hands around your waist', 'You said, ""Babe, I\'m gettin\' cold""', 'I said, ""Climb on in my jacket""', 'You already know', 'Like my heart, you can have it', ""Oh, I don't remember what the radio was playin'"", ""I was hangin' like the moon on all the words your lips were sayin'"", 'All I know is there was magic in that Chevy', ""Baby, you were glowin', God was throwin'"", 'Stars like confetti, ah', 'Stars like confеtti, ah', 'Yeah, rusted truck, dusted-up boots', 'And high on a pеrfume buzz', ""That see-forever sky wasn't near as high as us"", ""Yeah, our hearts were beatin' faster"", 'Than a runaway midnight train', ""We couldn't say forever"", 'But we said it anyway', 'Baby, hold me tight and never let me go', ""Look up at the sky, Heaven's puttin' on a show"", ""I don't remember what the radio was playin'"", ""I was hangin' like the moon on all the words your lips were sayin'"", 'All I know is there was magic in that Chevy', ""Baby, you were glowin', God was throwin'"", 'Stars like confetti, ah', 'We made a wish on everyone, ah', ""We held on 'til it was done, woah"", ""I don't remember what the radio was playin'"", ""I was hangin' like the moon on all the words you're sayin'"", 'All I know is there was magic in that Chevy', ""Baby, you were glowin', God was throwin'"", 'Stars like confetti, ah', 'Stars like confetti, ah', ""I don't remember what the radio was playin'"", ""I was hangin' like the moon on all the words your lips were sayin'"", 'All I know is there was magic in that Chevy', ""Baby, you were glowin', God was throwin'"", 'Stars like confetti, ah', 'We made a wish on everyone, ah', ""Yeah, we held on 'til it was done, woah"", 'Stars like confetti, ah']"
One Day Tonight,Noah Thompson,spotify:track:45MQs7EiPglAvyYg9fkjzA,"['And I just sit (I just sit), watch her talk about forever', 'Gotta admit, it might be my favorite thing ever', 'When her eyes fill up with stars (Stars)', 'Yeah, and her dreams pour out her heart', 'She wants a wedding in September, save up all winter', 'Spend our summers in a fixer-upper in Denver', ""She wants a girl and a boy and an old dog named Ol' Roy"", 'Lord, I hope this old boy can give her that life', 'So go on, girl, well, pour a glass of winе', 'And dream aloud, talk about one day tonight', '(One day tonight)', 'Shе lights up like a ten-foot Christmas tree', 'Dreaming up (Dreaming up) how our holidays will be', ""Already knows (Already knows) where we'll be in thirty years"", ""Lord, I hope it's from her lips to God's ears"", 'She wants a honeymoon in Vegas, front yard Hydrangeas', ""Already knows the places we'll be taking vacations"", 'She wants a boy and a girl with my eyes and her curls', 'Lord, I hope this old boy can give her that life', 'So go on, girl, well, pour a glass of wine', 'And dream aloud, talk about one day tonight', 'Oh-oh, oh-oh-oh-oh', 'Oh, oh', 'She know she wants a princess cut diamond', ""But she don't know what's in my pocket, hidin'"", 'She wants a wedding in September, save up all winter', 'Spend our summers in a fixer-upper in Denver', ""She wants a girl and a boy and an old dog named Ol' Roy"", 'Lord, I hope this old boy can give her that life', 'So go on, girl, well, pour a glass of wine', 'And dream aloud, talk about one day tonight', ""I'm getting down on one knee tonight""]"
Love You a Little Bit,Tanner Adell,spotify:track:0isqpzdmr2hsKb50uBSCdo,"[""No love songs on the radio playin'"", ""You were just driving and holdin' my hand"", 'No big plans, just you next to me', 'No sunset, no roses but I started feeling things', 'At the third red light on La Ciénaga', 'You stole my heart right off of my lips', ""Think it just hit me when I started kissin' ya"", 'I kinda might sorta like love you a little bit', 'Hands on me in your old T-Shirt', 'In your two-door Ford thinking those three words', 'Light turned green then it started sinking in', 'I kinda might, sorta like, love you a little bit', 'Caught up in the moment, went by so fast', ""Kinda scared to say it, what if you don't say it back?"", ""Either way, I felt it, can't un-feel that"", ""I ain't gonna lie it's a rеal weird time for stars to align"", 'Last place I would think', ""I would start to fall I guеss I'll call it lowkey meant to be"", 'At the third red light on La Ciénaga', 'You stole my heart right from my lips', ""Think it just hit me when I started kissin' ya"", 'I kinda might, sorta like, love you a little bit', 'Hands on me in your old T-Shirt', 'In your two-door Ford thinking those three words', 'Light turned green then it started sinking in', 'I kinda might, sorta like, love you a little bit', 'I know that I told you that we should just be friends', ""But I don't think I can, not when I feel like this"", 'Try to fight it but the truth is', 'I kinda might, sorta like, love you a little bit', 'At the third red light at La Ciénaga', 'You stole my heart right from my lips', ""Think it just hit me when I started kissin' ya"", 'I kinda might, sorta like, love you a little bit', 'Hands on me in your old T-Shirt', 'In your two-door Ford thinking those three words', 'Light turned green then it started sinking in']"
Giving Up On That,Dalton Dover,spotify:track:2Iu5OBDudGv5B0qfKKKbGm,"[""But I'm trying to lean a little more that way these days"", ""You put up with more than I ever would've"", ""And you left just like you should've"", ""But since you've been gone"", ""Ain't nothing 'round here the same"", ""'Cause girl, I've given up on"", 'Drinking as much as I used to when I had you', ""Given up on, just sayin' I'm gonna change"", ""I've given up on passing the blame"", 'Everything made you walk out on what we had', 'But when it comes to wanting you back', ""I ain't ever giving up on that"", ""I pray it ain't too late"", ""For you to see what I've turned into"", 'I just wish my working on me was working on you', 'But since you said goodbye', 'And hit me with them taillights', ""I swear I've changed everything, but your mind"", ""'Cause girl, I've given up on"", 'Drinking as much as I used to when I had you', ""Given up on, just sayin' I'm gonna change"", ""I've given up on passing the blame"", 'Everything made you walk out on what we had', 'But when it comes to wanting you back', ""I ain't ever giving up on that"", ""I ain't ever giving up on"", ""Fightin' for what we could've been"", ""Hangin' on to what we should've been"", ""I wish I would've been a better man back then"", ""'Cause girl, I've given up on"", 'Drinking as much as I used to when I had you', ""Given up on, just sayin' I'm gonna change"", ""I've given up on passing the blame"", 'Everything made you walk out on what we had', 'But when it comes to wanting you back', ""I ain't ever giving up on that""]"
This Town's Been Too Good To Us,Dylan Scott,spotify:track:6vsa5VDsIaWC8oJnowU65l,"['Gave us\u2005them\u2005bucks up on\u2005the wall', 'The way we live and\u2005the way we talk', 'Gave us state that senior year', 'Them country stores to buy that beer', 'A place to go nobody knows', 'When you take it in and you take it', 'Slow like that river rolls', 'Where that green grass grows', ""I can't explain it"", ""Aw, it's something ain't it"", 'Yeah, we sure painted it up', 'Tore down them old two-lane roads', ""We either stole every sign or left 'em in bullet holes"", ""It wasn't nowhere as bad as we all said that it was"", ""Yeah, looking back at it now this town's been too good to us"", 'Raised hell on the weekends, yeah', ""Man, what were we thinkin' when we said we'd leave it in a cloud of dust"", ""This town's been too good to us"", '(Too good to us)', 'Good people in a back row pew', 'Good dirt that the corn grows through', 'Good water that can wash away our sins', 'Good times with some damn good friends', 'Whole lot of not too much to do', 'All the time in the world to do it', 'Every bit of that down-home dirt was heaven on earth', 'And we never knew it', 'Yeah, we sure painted it up', 'Tore down them old two-lane roads', ""We either stole every sign or left 'em in bullet holes"", ""It wasn't nowhere as bad as we all said that it was"", ""Yeah, looking back at it now this town's been too good to us"", 'Raised hell on the weekends, yeah', ""Man, what were we thinking when we said we'd leave it in a cloud of dust"", ""This town's been too good to us"", 'Too good to us', 'Slow like that river rolls', 'Where that green grass grows', ""I can't explain it"", ""Aw, it's something ain't it"", ""(Something ain't it, something ain't it)"", 'Yeah, we sure painted it up', 'Tore down them old two-lane roads', ""We either stole every sign or left 'em in bullet holes"", ""It wasn't nowhere as bad as we all said that it was"", ""Yeah, looking back at it now this town's been too good to us"", 'Raised hell on the weekends, yeah', ""Man, what were we thinking when we said we'd leave it in a cloud of dust"", ""This town's been too good to us"", 'Yeah, too good to us (To us, to us)']"
Hurt No More,CHASE WRIGHT,spotify:track:5UDX3jJn9vXGxE5h0sNRCy,"['I could pick up when your name lights up', 'And tell you, ""Baby, come on over""', 'I could say yes, to whatever comes next', 'And forget about closure', 'I could let your fingertips take control of me in the dark', 'And not worry about how it ends', 'Yeah, baby, I could let you start', 'Pouring that gas, striking that match', 'And setting this bed on fire', 'Shutting those blinds, hitting rewind', ""And go where we ain't been in a while"", 'I could kiss you once, forget the past', ""Act like this time's gonna last"", 'And I could and I would let you walk back through that door', ""But I don't wanna hurt no more, no more, no more"", ""Yeah, I don't wanna hurt no more, no more, no more"", ""It's funny how done only really means done"", 'Until you find you way back over', ""And you only say I miss you drunk and that's the issue"", ""Never when you're sober"", 'I could let you play those games', 'But you know I know good and well', 'When we rekindle that burnt out flame', ""I'll be living in a living hell"", 'Pouring that gas, striking that match', 'And setting this bed on fire', 'Shutting those blinds, hitting rewind', ""And go where we ain't been in a while"", 'I could kiss you once, forget the past', ""Act like this time's gonna last"", 'And I could and I would let you walk back through that door', ""But I don't wanna hurt no more, no more, no more"", ""Yeah, I don't wanna hurt no more, no more, no more"", 'I could let your fingertips take control of me in the dark', 'And not worry about how it ends', 'Yeah, baby, I could let you start', 'Pouring that gas, striking that match', 'And setting this bed on fire', 'Shutting those blinds, hitting rewind', ""And go where we ain't been in a while"", 'I could kiss you once, forget the past', ""Act like this time's gonna last"", 'And I could and I would let you walk back through that door', ""But I don't wanna hurt no more, no more, no more""]"
Lucky,Elle King,spotify:track:6DE1vkPkMn2I77360IBb8t,"['Taken every wrong turn down the bridges I burned', ""It's a bad reputation, but it's damn well earned"", ""Gotta thank God that this ole life ain't fair"", ""There's only one way to explain how I got here"", 'I got lucky', ""Well, ain't that somethin' for someone just like me"", ""Who don't deserve a damn thing?"", 'I know broken, beat down', 'And I know I show it then and now', 'But, hell, I chosе it, yeah, I own it', 'And it brings me to my knees', 'I got lucky', ""I've been it all, I'vе been empty"", ""I've had nothin', I've had plenty"", ""Yeah, I've done the dance, too many close calls"", 'More than most, most of all', 'I got lucky', ""Ain't that somethin' for someone just like me"", ""Who don't deserve a damn thing?"", 'I know broken, beat down', 'I know I show it then and now', 'But, hell, I chose it, yeah, I own it', 'And it brings me to my knees', 'I got lucky', ""I make sure I don't make it on easy on me"", 'But I woke up today, so that must mean', 'I got lucky', ""Well, ain't that somethin' for someone just like me"", ""Who don't deserve one damn thing?"", 'I know broken, beat down', 'And I know I show it then and now', 'Hell, I chose it, yeah, I own it', 'And it brings me to my knees', 'I got lucky', 'I got lucky', 'Oh', ""I'm your mom""]"
Next Thing You Know,Jordan Davis,spotify:track:2lNTHWu2I5Tcz9ukWsV5Jj,"[""You get her laughin', it's 2AM"", ""You're tellin' your buddies, three months in"", ""That she ain't movin' in, the next thing you know"", ""There's a U-Haul trailer, the next thing you know"", ""Your old apartment, is y'all's new place"", 'There goes the carpet but the deer head stays', 'Next thing you know', ""You're savin' money like never before, just to"", 'Spend it all at a jewelry store', ""Gettin' down on one knee on hеr mama's porch"", 'Just prayin\' she don\'t say, ""No""', 'Next thing you know', ""Your best man givеs a half-drunk speech and you're"", 'Sunburnt on a honeymoon beach and your', ""Left hand's gettin' used to that ring"", 'And there the next two or three years go', 'Next thing you know', ""You weren't really tryin', next thing you know"", ""There's a test on the counter, next thing you know"", ""She's standin' there cryin', noddin' her head yes"", ""You're half excited, half scared to death"", ""'Cause next thing you know"", ""You're wearin' scrubs and a funny white hat and the"", ""Doctor's sayin', how you doin' there dad and"", ""Nobody's ever called you that"", 'And you take that drive home slow', 'Next thing you know', ""It's first steps, first dates, first car"", ""It's 11:01 wonderin' where they are"", ""You're sayin' that USC's too far"", ""It's amazing how fast seventeen years go"", 'Next thing you know', 'Next thing you know', 'Next thing you know', ""You get to know your wife again and you're"", ""More in love than you've ever been"", ""With a lot of years of remember when's and still some down the road"", ""'Cause next thing you know"", ""You got a yard full of your kid's kids"", ""And you take 'em to church, teach 'em to fish"", ""And you, tell 'em stories every chance you get"", 'About how fast this life down here can go', 'Next thing you know', '(Next thing you know, ooh)', 'Next thing you know']"
All I Need Is You,Chris Janson,spotify:track:02FAxAwzApe6pAqfAL3dLr,"['Lotto ticket worth a million bucks', 'And a bigger one on the wall', ""I want my boy's mall team to win"", 'Waiting on the radio again', 'I want what I want', ""But hey, don't we all?"", 'When that sun goes down', 'At the end of the day', ""There's just one thing I can't lose"", ""If you're by my side"", ""I'm better than alright"", 'Baby, all I need is you', 'I wanna take a trip in a Chevrolet', 'To a beach house down on 30A', 'Have the Gulf of Mexico', ""Sittin' right in my backyard"", ""But as long as you're right here in my arms"", 'When that sun goes down', 'At the end of the day', ""Thеre's just one thing I can't lose"", ""If you'rе by my side"", ""I'm better than alright"", 'Baby, all I need is', 'You in the morning, you in the night', 'You every day for the rest of my life', ""You and me together 'til the day I day"", ""I'm all yours, if you're all my mine"", ""Baby, you're all mine"", 'Now, baby, look at you', ""You're my wildest dream"", 'I could give it all up', 'And still have everything', 'When that sun goes down', 'At the end of the day', ""There's just one thing I can't lose"", ""If you're by my side"", ""I'm better than alright"", 'Baby, all I need is you', 'All I need is you', 'Baby, all I need is you']"
Trouble,Josh Ross,spotify:track:7cRggVoZ18mmvIN2EcSQ3J,"[""So I guess I'll call some buddies up"", 'Get gone, take another shot in some Broadway dive', 'I might give you a drunk dial', 'Just to tell you what you already know', ""Baby I'm in trouble"", 'Steady missing you', ""I'm getting through another double"", 'A white flag waving, come and save me', ""Might be reckless but I can't help it"", 'So if you could would you just come back home?', ""'Cause baby I'm in trouble"", ""Baby I'm in trouble"", 'Heading straight for another memory', 'Trying to stay afloat on this old barstool', ""Wishing you would call but you won't"", ""That it'll get bеtter but it don't"", ""'Cause Jack D and Jesus ain't you"", ""Baby I'm in troublе"", 'Steady missing you', ""I'm getting through another double"", 'A white flag waving, come and save me', ""Might be reckless but I can't help it"", 'So if you could would you just come back home?', ""'Cause baby I'm in trouble"", ""(Baby I'm in trouble)"", ""Wishing you would call but you won't"", ""That it'll get better but it don't"", ""'Cause Jack D and Jesus ain't you"", ""Baby I'm in trouble"", ""Baby I'm in trouble"", ""Baby I'm in trouble"", 'Steady missing you', ""I'm getting through another double"", 'A white flag waving, come and save me', ""Might be reckless but I can't help it"", 'So if you could would you just come back home?', ""'Cause baby I'm in trouble""]"
Light On In The Kitchen,Ashley McBryde,spotify:track:2GAqIzPU7v3kfvY4hZQ9jm,"['A dose of local honey', ""Will keep your nose from runnin'"", ""Little things like that she's always said"", 'Never back\u205fup\u205ffarther\u205fthan you have\u205fto', ""Pray for those\u205fthat don't have a prayer"", 'Honey, trust yourself', 'You better love yourself', ""'Cause 'til you do, you ain't no good"", 'For anybody else', 'And, honey, boys are dumb', 'But you gonna find your one', 'Love him hard and bless your heart', ""You'll need someone to listen"", ""That's why I leave a light on in the kitchen"", 'Pancakes just taste better after midnight', 'When you make friends, always be color blind', 'Your freckles make you pretty', ""There's more to life than bein' skinny"", ""When you feel fat, it's mostly in your mind"", 'So, honey, trust yourself', 'You better love yourself', ""'Cause 'til you do, you ain't no good"", 'To anybody else', 'And, honey, boys are dumb', 'But you gonna find your one', 'Love him hard and bless your heart', ""You'll need someone to listen"", ""And that's why I leave a light on in the kitchen"", '(Ooh, ooh)', 'Well, honey, trust yourself', 'Laugh at yourself', ""If somethin' tries to hold you back"", 'Get up and give it hell', ""And for heaven's sake"", 'Always have a place', ""That you can do some cryin' and some bitchin'""]"
Burn It Down,Parker McCollum,spotify:track:09hVlIVHtEE1nLUv6YGZiW,"[""All I can see is you're gone and you left me here"", 'With this house on this ground, burn it down', ""I'll leave my memories inside"", 'In that bed, we loved in all night', 'Every word, every fight', ""Every feelin', stone cold, not a sound"", ""Burn it down 'til it's ashes and smoke"", ""Burn it down to the smolderin' coals"", ""Burn it down 'til I don't want you no more"", 'Baby, burn it down', 'Every last song that I wrote', 'About me and you growing old', 'Every sliver of hope everything I know', 'Pile it up right now', ""Burn it down 'til it's ashes and smoke"", ""Burn it down to the smolderin' coals"", ""Burn it down 'til I don't want you no more"", 'Baby, burn it down', 'Burn it down (Burn it, burn it, burn it)', 'Burn it down (Burn it, burn it, burn it)', ""Burn it down 'til it's ashes and smoke"", ""Burn it down to the smolderin' coals"", ""Burn it down 'til I don't want you no more"", 'Baby, burn it down (Burn it, burn it, burn it)', 'Burn it down (Burn it, burn it, burn it)', 'Burn it down (Burn it, burn it, burn it)']"
IF YOU GO DOWN (I'M GOIN' DOWN TOO),Kelsea Ballerini,spotify:track:1jX9wlAgVkAl0fCZqkCI73,"['If I got an aisle with a mess I gotta clean up', ""I know you'll be showin' up with bleach"", ""All those names that we don't ever speak of"", 'Got a couple nights that have slipped my mind', 'Proof and photographs have been deleted', 'If you ever needed an alibi', ""'Cause dirt on you is dirt on me"", ""And we both know our hands ain't clean"", 'If it all blows up and we end up on the news', ""If you go down, I'm goin' down too"", ""It's a good thing we're each other's kinda crazy"", ""Ain't no judgment or keepin' score"", ""If you rob a bank, I'm your getaway Mercedes"", ""God knows that's what friends are for"", ""'Cause dirt on you is dirt on me"", ""And we both know our hands ain't clean"", 'If it all blows up and we end up on the news', ""If you go down, I'm goin' down too"", ""If you do down, I'm goin' down too, yeah"", 'I keep all your secrets by the dozen', 'You know where my skeletons sleep', 'Hypothetically, if you ever kill your husband', ""Hand on the Bible, I'd be lyin' through my teeth"", ""'Cause dirt on you is dirt on me"", ""And we both know our hands ain't clean"", 'If it all blows up and we end up on the news', ""If you go down, I'm goin' down too"", ""Our bodies are buried and they're in the same ditch"", ""So even if I wanted to, I can't snitch"", 'Thirty to life would go quicker with you, yeah', ""So if you go down, I'm goin' down too"", ""If you go down, I'm goin' down too""]"
Creek Will Rise,Conner Smith,spotify:track:5owS9iWWGd6mDlFjUFzBsw,"[""Got her dancin' in a white sundress"", ""Couldn't even find one dry thread, my oh my"", ""I, I didn't know what I was getting into"", 'I, I wish the four-wheel drive was just two', ""'Cause a girl like her on a night like this"", 'Make a man wanna stay right where he is', ""There's trouble in the way her green eyes are glowin'"", ""I'm holdin' on tight, prayin' and hopin'"", 'This truck battery dies', ""Or the road's too muddy to drive"", 'Wanna stay right here all night', ""If the good Lord's willin', that creek will risе"", 'Next thing I know', ""I had my blue jeans hangin' on a tree limb"", ""Shе was smilin' at me, pullin' me in"", 'Out where the creek bend bends in the yellow moon light', ""Makin' fishin' in the dark come to life"", 'Yeah, a girl like her on a night like this', 'Make a man wanna stay right where he is', ""There's trouble in the way her green eyes are glowin'"", ""I'm holdin' on tight, prayin' and hopin'"", 'This truck battery dies', ""Or the road's too muddy to drive"", 'Wanna stay right here all night', ""If the good Lord's willin', that creek will rise"", ""Well, it was four in the mornin' when the storm quit stormin'"", ""I was fallin' faster than Earnhardt and Gordon"", 'Like a dirt road Daytona in my heart', ""And we ain't even got to the best part"", ""We didn't have a towel, didn't have dry clothes"", 'She was smilin\' and sayin\', ""Hold me, I\'m cold""', 'We made a blanket out of that sundress', ""And the radio won't even let me tell you the rest"", ""'Cause a girl like her on a night like this"", 'Make a man wanna stay right where he is', ""There's trouble in the way her green eyes are glowin'"", ""I'm holdin' on tight, prayin' and hopin'"", 'This truck battery dies', ""Or the road's too muddy to drive"", 'Wanna stay right here all night', ""If the good Lord's willin', that creek will rise""]"
We Ride,Bryan Martin,spotify:track:72kGuWpRiuA149Bn5lDkIO,"['Bottle and a pistol by my side', ""The devil's always along for the ride"", 'We ride down to the creek by the water', ""I've been baptized by the preacher's daughter"", 'Lucky for me, no, he never caught us, oh', 'Oh, we ride to the bar by the levee', ""'85 jacked-up, square-body Chevy"", 'Blanket in the back when it gets hot and heavy, oh', 'Oh, we ridе', ""Pedal to the floorboard, she bеggin' for more"", ""Sippin' on apple pie moonshine"", ""And I'll be gone by the mornin' light"", ""Yeah, 'cause I've been known to write a few songs"", ""Lovin' and leavin' and gettin' too stoned"", 'Bottle and a pistol by my side', ""The devil's always along for the ride"", 'We ride across state lines', ""Rubbin' two nickels just tryin' to make a dime"", ""Hard to make a livin' while the gas is so high"", 'Oh, we ride', 'Like a Harley on a two-lane, Palomino crossplane', 'Drop her down to four-wheel drive on a Friday night', ""Crackin' open a cold Bud Light"", 'Oh, we ride', ""Pushin' through the hard love, lookin' for my give-a-fuck"", ""Needle peggin' ninety-five, but that's alright"", ""'Cause I'm runnin' every red light"", ""Yeah, 'cause I've been known to write a few songs"", ""Lovin' and leavin' and gettin' too stoned"", 'Bottle and a pistol by my side', ""The devil's always along for the ride"", 'Oh, we ride', 'Oh, we ride', ""Yeah, 'cause I've been known to write a few songs"", ""Lovin' and leavin' and gettin' too stoned"", 'Bottle and a pistol by my side', ""The devil's always along for the ride"", ""Yeah, I've been known to write a few songs"", ""Lovin' and leavin' and gettin' too stoned"", 'Bottle and a pistol by my side', ""The devil's always along for the ride"", 'Oh, along for that ride']"
Nobody's Nobody,Brothers Osborne,spotify:track:1Q7kOSZkgeCkVpWRmNBAcI,"['Some people never ever make a name', ""But change the game in someone's story"", ""I'm still tryna leave my mark"", 'With a simple song and an old guitar', ""One thing I've learned out on the road is"", ""Nobody's nobody"", 'Sun goes up', 'Sun goes down', 'Takes all kinds of kinds', ""To make this world go 'round"", ""Everybody's somebody, someone"", 'A sinner, saint, or son of a gun', ""Nobody's nobody"", 'No, no, nobody', 'No, no, nobody', ""No, no, nobody's nobody"", ""Someone's out fillin' their tank"", ""Keepin' the good years on the road"", ""While someone's fillin' up their drink"", ""Forgettin' someone they can't let go"", 'Some lovers leave their mark with a', 'Pocket knife and an oak tree heart', 'However you come, however you go', ""Nobody's nobody"", 'Sun goes up', 'Sun goes down', 'Takes all kinds of kinds', ""To make this world go 'round"", ""Everybody's somebody, someone"", 'A sinner, saint, or son of a gun', ""Nobody's nobody"", 'No, no, nobody', 'No, no, nobody', ""No, no, nobody's nobody"", 'Sun goes up', 'Sun goes down', 'Takes all kinds of kinds', ""To make this world go 'round"", ""Everybody's somebody, someone"", 'A sinner, saint, or son of a gun', ""Nobody's nobody"", 'No, no, nobody', 'No, no, nobody', ""No, no, nobody's nobody"", 'No, no, nobody']"
Shoot Tequila,Tigirlily Gold,spotify:track:6nTul7GTW3DInboBkJvvHw,"['So we might as well make it a double', 'Yeah you know how the two of us get', ""We're dancing on the bar, ain't a pretty sight"", ""And I'ma blame you when you get us in a fight"", 'I shoot tequila', ""Didn't wanna see you but I love the taste of you on my lips"", ""'Cause after one or two I feel ya"", 'Get me in the mood to move my shake-shake Shakira hips', ""I know I shouldn't do it"", ""But I don't remember why"", ""Such a bad influence but you're lookin' good tonight"", 'I shoot tequila', ""You're good at what you do, tequila"", 'And it goes like', 'One tequila, two tequila, three tequila, more', ""If I had a little sense I would've stopped at four"", ""'Stead of cursing your name on the bathroom floor"", ""Swear to God I won't drink tequila no more"", ""But momma didn't raise no quitter"", ""Giddy up, line 'em up, knock 'em back"", 'Por favor, can you pour a little quicker?', ""'bout to cut a rug, call my ex, talk some trash"", ""We'd be gettin' loco, everywhere we go-go"", ""Is the problem you or me? I don't know"", 'I shoot tequila', ""Didn't wanna see you but I love the taste of you on my lips"", ""'Cause after one or two I feel ya"", 'Get me in the mood to move my shake-shake Shakira hips', ""I know I shouldn't do it"", ""But I don't remember why"", ""Such a bad influence but you're lookin' good tonight"", 'I shoot tequila', ""You're good at what you do, tequila"", 'And it goes like', 'One tequila, two tequila, three tequila, more', ""If I had a little sense I would've stopped at four"", ""'Stead of cursing your name on the bathroom floor"", ""Swear to God I won't drink tequila no more"", 'I shoot tequila', 'I might as well shoot tequila', 'Yeah', 'I shoot tequila', ""Didn't wanna see you but I love the taste of you on my lips"", ""'Cause after one or two I feel ya"", 'Get me in the mood to move my shake-shake Shakira hips', ""I know I shouldn't do it"", ""But I don't remember why"", ""Such a bad influence but you're lookin' good tonight"", 'I shoot tequila', ""You're good at what you do, tequila"", 'And it goes like', 'One tequila, two tequila, three tequila, more', ""If I had a little sense I would've stopped at four"", ""'Stead of cursing your name on the bathroom floor""]"
Memory Lane,Old Dominion,spotify:track:5kB6WithhB8Iv08EMNmAbt,"[""On that little corner lot where it don't ever rain"", ""And we'd stay good as new like a fresh coat of paint"", ""You'd be mine in the shine of a front porch light"", 'Yeah, I might as well live there, baby', ""That's where I spend most of my time"", ""Thinkin' 'bout those sunsets that bled into jean jacket nights"", 'Those tangled up mornings lost in paradise', 'Still drunk on the feeling when I close my eyes', ""You're pulling me closer, your head on my shoulder"", ""We'd never let go and we'd never be over"", 'If I could buy a house on Memory Lane', ""I wouldn't have to wonder if you miss me the same"", ""I'd be loving you as usual, telling you you're beautiful"", ""Oh, I'd be happily delusional"", ""Thinkin' 'bout those sunsets that bled into jean jacket nights"", 'Those tangled up mornings lost in paradise', 'Still drunk on the feeling when I close my eyes', ""You're pulling me closer, your head on my shoulder"", ""We'd never let go and we'd never be over"", ""Thinkin' 'bout those sunsets that bled into jean jacket nights"", 'Those tangled up mornings lost in paradise', 'Still drunk on the feeling when I close my eyes', ""You're pulling me closer, your head on my shoulder"", ""We'd never let go and we'd never be over"", 'If I could buy a house on Memory Lane', ""I'd put my money down and I'd sign my name"", ""On that little corner lot where it don't ever rain"", ""And baby, me and you, we'd never fade, never fade"", ""We'd never fade""]"
But I Got A Beer In My Hand,Luke Bryan,spotify:track:3jhV8I9sIPXsjPs2ZOnSaf,"['That old familiar, meant to kill you, middle finger, rearview mirror', 'Supposed to make a country boy sad', ""I should be in my recliner, whiskey typin' up one-liners"", ""Cryin', trying to get you back"", 'Yeah, I know how that country song goes', ""I'm supposed to be heartbroke"", 'But I got a beer in my hand, and I got it raised up high', ""I ain't got a give in my damn right, I can do this all night"", ""Country done came to town, this town don't stand a chance"", ""I'll holler at the ladies, dancin' like crazy, new Luccheses, fresh up out the deer stand"", ""Feelin' this high, wasn't part of my plan"", ""Wasn't even gonna try"", 'But I got a beer in my hand', ""The bands playin' David Lee Murphy, party crowd, it's party thirty"", ""Lawdy mercy, I'm feelin' good"", ""And I'm bettin' you're bettin', that I'm a wreck and you reckon"", ""I'll call you up any second and I would"", 'But I got a beer in my hand, and I got it raised up high', ""I ain't got a give in my damn right, I can do this all night"", ""Country done came to town, this town don't stand a chance"", ""I'll holler at the ladies, dancin' like crazy, new Luccheses, fresh up out the deer stand"", ""Feelin' this high wasn't part of my plan"", ""Wasn't even gonna try"", 'But I got a beer in my hand', 'I meant to miss you', 'Oops, my bad', 'I meant to be blue', 'But I got a beer in my hand, and I got it raised up high', ""I ain't got a give in my damn right, I'm gon' do this all night"", ""Country done came to town, this town don't stand a chance"", ""I'll holler at the ladies dancin' like crazy, new Luccheses, fresh up out the deer stand"", ""Feelin' this high wasn't part of my plan"", ""Wasn't even gonna try"", 'But I got a beer in my hand', 'But I got a beer in my hand']"
Standing Room Only,Tim McGraw,spotify:track:6BOP0cv1eeXcvi1oE8bDVZ,"[""I get to chasin' that rainbow pot of gold right into the pourin' rain"", ""With nothin' to show for it, standin' there soakin' wet"", ""Lookin' up shakin' my fist as the thunder rolls"", 'Now and then on nights like this I catch a thunderbolt', 'I wanna live a life, live a life', ""Like a dollar and the clock on the wall don't own me"", 'Shine a light, shine a light', ""Like mama's front porch when I'm lost and lonely"", ""Start forgivin' and start forgettin'"", ""Be somebody that's worth rememberin'"", 'Live a life so when I die', ""There's standing room only, standing room only"", 'Standing room only, standing room only', ""I wanna take my grudges and my old regrets, and let 'em go"", 'I wanna learn how to say a lot more yes and a lot less no', 'Girl, I wanna dance and shout and love out loud, and come alive', ""Don't wanna be the guy too cool to laugh and too scared to cry"", 'I wanna live a life, live a life', ""Like a dollar and the clock on the wall don't own me"", 'Shine a light, shine a light', ""Like mama's front porch when I'm lost and lonely"", ""Start forgivin' and start forgettin'"", ""Be somebody that's worth rememberin'"", 'Live a life so when I die', ""There's standing room only, standing room only"", 'Stop judging my life by my possessions', ""Start thinking 'bout how many headlights will be in my procession"", 'I wanna live a life, live a life', ""Like a dollar and the clock on the wall don't own me"", 'Shine a light, shine a light', ""Like mama's front porch when I'm lost and lonely"", ""Start forgivin' and start forgettin'"", ""Be somebody that's worth rememberin'"", 'Live a life so when I die', ""There's standing room only, standing room only"", 'Standing room only, standing room only', 'Standing room only, standing room only']"
Tennessee Orange,Megan Moroney,spotify:track:6DLbBlGIOjjEj0dNN25zhZ,"[""Don't worry, I'm doin' okay"", 'I know you raised me to know right from wrong', ""It ain't what you think and I'm still writin' songs"", ""Just never thought I'd see the day"", ""I've never felt this way"", ""I met somebody and he's got blue eyes"", ""He opens the door and he don't make me cry"", ""He ain't from where we're from, but he feels like home, yeah"", ""He's got me doin' things I've never done"", ""In Georgia, they'd call it a sin"", ""I'm wearin' Tennessee orange for him"", 'Took me to Knoxville last Saturday', 'And I wore the hat on his dash to the game', ""It sure wasn't Athens, but I"", 'Fell for him under those Neyland lights', ""I met somebody and he's got blue eyes"", ""He opens the door and he don't make me cry"", ""He ain't from where we're from, but he feels like home, yeah"", ""He's got me doin' things I've never done"", ""In Georgia, they'd call it a sin"", ""I'm wearin' Tennessee orange for him"", 'Mama, forgive me, I like him a lot', 'Hell, I\'m learnin\' the words to ""Old Rocky Top""', ""He's got a smile that makes me forget"", ""I've always looked better in red"", ""But I met somebody and he's got blue eyes"", ""He opens the door and he don't make me cry"", ""He ain't from where we're from, but he feels like home, yeah"", ""He's got me doin' things I've never done"", ""I met somebody and he's got blue eyes"", ""He opens the door and he don't make me cry"", ""He ain't from where we're from, but he feels like home, yeah"", ""He's got me doin' things I've never done"", ""In Georgia, they'd call it a sin"", 'And I still want the Dawgs to win', ""But I'm wearin' Tennessee orange for him""]"
Love You Again,Chase Matthew,spotify:track:1cAupeTLZyhhtfmRc4qaYy,"[""It's been a hell of a week, been countin' every minute"", ""I know what's waitin' for me and I can't wait to get it"", ""Let's leave my truck in the drive 'cause, girl, I'm on a mission"", 'We could stay in tonight, but I got one condition', 'Yeah, I know we made plans with the neons', ""But you're lookin' lights-out, turnin' me on"", ""That black dress got your boy seein' red"", ""Slippin' off your shoulders, pullin' me into bed"", ""Make it last like it's the last time"", ""Tonight, I'm gonna love you like I'm never gonna love you again"", ""Let the midnight go where it's gonna go"", 'Let the candlelight shadows put on a show', ""Talkin' sunset, sunrise"", ""Tonight, I'm gonna love you like I'm never gonna love you again"", ""(Like I'm never gonna love you again)"", ""You got me drunk on your love, we're makin' every letter"", ""If you gon' kiss me like you kiss me, make it last forever"", ""'Cause you're the king-size I wanna be on"", ""Everything about you baby's turnin' me on"", ""That black dress got your boy seein' red"", ""Slippin' off your shoulders, pullin' me into bed"", ""Make it last like it's the last time"", ""Tonight, I'm gonna love you like I'm never gonna love you again"", ""Let the midnight go where it's gonna go"", 'Let the candlelight shadows put on a show', ""Talkin' sunset, sunrise"", ""Tonight, I'm gonna love you like I'm never gonna love you again"", ""(Like I'm never gonna love you again)"", ""That black dress got your boy seein' red"", ""Slippin' off your shoulders, pullin' me into bed"", ""Make it last like it's the last time"", ""Tonight, I'm gonna love you like I'm never gonna love you again"", ""Let the midnight go where it's gonna go"", 'Let the candlelight shadows put on a show', ""Talkin' sunset, sunrise"", ""Tonight, I'm gonna love you like I'm never gonna love you again"", '(Gonna love you again, gonna love you again)', ""Tonight, I'm gonna love you like I'm never gonna love you again"", '(Gonna love you again, gonna love you again)']"
Drinkaby,Cole Swindell,spotify:track:3lg4wfPFpFLapRp2SiQQGd,"['Bartender, pour anything you want on ice', 'I got a song and it goes like', ""Jack, Jim, 'quila lime, apple pie, this is my"", ""Gettin'-over-her-'til-I'm-passed-out drinkaby"", ""Bye, my baby's long gone"", 'Sadder than a steel in a country song', 'Raise your glasses to the rafters and help me sing along tonight', 'To my drinkaby', ""Yeah, I don't know where she's at, could be Kentucky"", 'But all I know is I might get lucky', ""'Cause I'm two shots in with a ten from Mississippi"", ""That'll drink Patrón, get me gone, and sing along with me"", ""Goin' Jack, Jim, 'quila lime, apple pie, this is my"", ""Gettin'-over-her-'til-I'm-passed-out drinkaby"", ""Bye, my baby's long gone"", 'Sadder than a steel in a country song', 'Raise your glasses to the rafters and help me sing along tonight', 'To my drinkaby, yeah', 'My drinkaby', ""Oh, let's go"", ""Hush, little cowboy, don't you cry"", ""Bartender's got you some whiskey on ice"", ""And if that whiskey ain't a big enough pour"", ""Drink another and another 'til you're laid out on the floor"", 'Come on', 'This is my drinkaby', 'And it goes like', ""Jack, Jim, 'quila lime, apple pie, this is my"", ""Gettin'-over-her-'til-I'm-passed-out drinkaby"", ""Bye, my baby's long gone"", 'Sadder than a steel in a Haggard song', 'Raise your glasses to the rafters and help me sing along tonight', ""To my drinkaby (Bye, bye, my baby's long gone)"", 'Yeah, my drinkaby, bye, bye (Sadder than a steel in a country song)', 'Raise your glasses to the rafters and help me sing along tonight', 'To my drinkaby', 'Yeah, my drinkaby']"
Drive You Out Of My Mind,Kassi Ashton,spotify:track:0iqr64c8WWYb549HKs8sqD,"['Broken heart as I can be', 'This small talk, slow down', 'One road in and out', 'Walls are closing in on me', ""This town ain't big enough for breaking up"", ""I’m 'bout to leave it in a cloud of dust"", ""You're everywhere and I can't take it"", 'Shelby wild horses off to the races', 'Until I hit the city limits', ""'Til I hit the state line"", ""'Til I reach a coast or a ghost town"", 'A thousand miles out', 'Keep this needle hitting 90', ""'Til your memory can't find me"", 'Anyhow, keep the pedal down', '’Til I see some taillights', 'That don’t make me think of you', ""'Til I’m pulled over on thе shoulder"", 'By some flashing blue lights', ""'Til this harpеr hits the brake"", ""I don't care if it takes me all night"", ""I'm gonna drive you out of my mind"", 'I did our best new dress', 'Leaning on the whiskey but it just won’t do it', ""It's something 'bout this driver side dry my eyes"", 'Got me thinking maybe I should just keep moving', 'Until I hit the city limits', ""'Til I hit the state line"", ""'Til I reach a coast or a ghost town a thousand miles out"", ""Keep this needle hitting 90 'til your memory can't find me"", 'Anyhow, keep the pedal down', ""'Til I see some taillights that don't make me think of you"", ""'Til I'm pulled over on the shoulder by some flashing blue lights"", ""'Til this harper hits the brake I don't care if it takes me all night"", ""I'm gonna drive you out of my mind"", ""I'm gonna drive you out of my mind"", ""This town ain't big enough for breaking up"", ""I'm 'bout to leave it in a cloud of dust"", ""You're everywhere and I can't take it"", 'Shelby wild horses off to the races', 'Until I hit the city limits', ""'til I hit the state line"", ""'til I reach a coast or a ghost town a thousand miles out"", ""Keep this needle hitting 90 'til your memory can't find me"", 'Anyhow, keep the pedal down', ""'til I see some taillights that don't make me think of you"", ""'til I'm pulled over on the shoulder by some flashing blue lights"", ""'til this harper hits the brake I don't care if it takes me all night"", ""I'm gonna drive you out of my mind"", ""I'm gonna drive you out of my mind"", 'Drive you']"
Dance With You,Brett Young,spotify:track:5SIb4S2seQAeCHPXxiNHBL,"['When you need your space or', 'For me to pull you closer', 'I can be your sunshine on rainy days', 'I can wipe your tears away', 'Just pick out a song I can hold you to', 'Go on, let down your hair, baby, kick off your shoes', 'They say, ""Life\'s a dance,"" and if that’s the truth', 'I only wanna dance with you', 'Mm', 'When the days are easy', 'When the nights get long', 'I can be your strength when', ""You ain't feelin' strong"", 'Close your eyes and don’t forget to breathe', 'And just follow my lead', 'And we can pick out a song I can hold you to', 'Go on, let down your hair, baby, kick off your shoes', 'They say, ""Life\'s a dance,"" and if that\'s the truth', 'I only wanna dance with you', 'Only wanna dance with you, mm', 'We only get so many moments', 'It will all be gone before we know it', 'So pick out a song I can hold you to', 'Go on, let down your hair, baby, kick off your shoes', ""They say life's a dance and if that's the truth"", 'I only wanna dance, I only wanna dance', 'I only wanna dance with you', 'Only wanna dance with you, mm']"
Pretty Little Poison,Warren Zeiders,spotify:track:2gT2iF1YK5r54A2PDEXVv8,"['Rolls up when the wine is gone', 'Like a record on repeat', ""Leanin' on old memories"", ""And talkin' 'bout what used to be"", ""She'll probably be the death of me"", ""But damn if it ain't sweet"", ""She's my pretty little poison"", 'My heartache in the night', 'With a kiss on her lips just like cyanide', ""Yeah, she came with a warnin'"", ""But I didn't mind"", ""I'll go out on that high every time"", ""She's my pretty little poison"", 'My pretty littlе poison', ""Shadows dancin' down the hall"", 'Whispers that she wants mе', 'Try my best not to fall', 'When she falls into me', 'We all need some kind of fix', ""For me, she's the one I'll pick"", ""Nothin' else will do the trick"", ""She's all I need"", ""She's my pretty little poison"", 'My heartache in the night', 'With a kiss on her lips just like cyanide', ""Yeah, she came with a warnin'"", ""But I didn't mind"", ""I'll go out on that high every time"", ""She's my pretty little poison"", 'My pretty little poison', ""For some, I guess it's alcohol"", ""I don't want none at all"", 'I just want you', 'No, I just want you', 'My pretty little poison', 'My heartache in the night', 'With a kiss on her lips just like cyanide', ""Yeah, she came with a warnin'"", ""But I didn't mind"", ""I'll go out on that high every time"", ""She's my pretty little poison"", 'My pretty little poison']"
God Gave Me A Girl,Russell Dickerson,spotify:track:7kkLBfxW41iVO0cdLU9e9S,"['I gave my mama a reason to pray', ""Didn't care about tryin' to change, no"", 'I gave my all to those empty bars', 'They always left me with a broken heart', 'Never really ever gave love a thought', 'Man, as soon as I swore it off', 'God gave me a girl, girl gave me a kiss', ""Kiss gave me a feelin' that I still get"", 'Every time I look in her eyes', ""I don't deserve her and I don't know why"", 'She gave mе her hand, I gave her a ring', 'Thеn as soon as I could, I gave her my last name', ""Now I'm gonna give her forever"", 'I knew what I wanted but He knew better', 'God gave me a girl, mm-mm', 'The boys gave me a hard time', ""'Cause I was givin' her all of mine"", 'But the first time they met her is when they understood', 'Said, ""How\'d you get one so good?""', 'God gave me a girl, girl gave me a kiss', ""Kiss gave me a feelin' that I still get"", 'Every time I look in her eyes', ""I don't deserve her and I don't know why"", 'She gave me her hand, I gave her a ring', 'Then as soon as I could, I gave her my last name', ""Now I'm gonna give her forever"", 'I knew what I wanted but He knew better', 'God gave me a girl at just the right time', ""And I'd give her the world 'cause she changed mine"", 'God gave me a girl, girl gave me a kiss', ""Kiss gave me a feelin' that I still get"", 'Every time I look in her eyes', ""I don't deserve her and I don't know why"", 'She gave me her hand, I gave her a ring', 'Then as soon as I could, I gave her my last name', 'Now I wanna give her forever', 'I knew what I wanted but He knew better', 'God gave me a girl', 'God gave me a girl', '(Oh, oh-oh-oh-oh)', 'Yeah yeah, yeah yeah']"
I'll Be Lovin' You,Miranda Lambert,spotify:track:1io22Thmgw4SvhVBNawJD5,"['And when I’m lonely and I’m needing something new', 'When I’m lost in the mazes and turning the phrases', 'And looking for something true', 'I’ll be lovin’ you, no matter where I roam', 'I’ll be lovin’ you, you’re at the end of every road', 'When the stars are out at night, when the sky is crystal blue', 'I’ll do the only thing I know to do, I’ll be lovin’ you', 'I’ll be lovin’ you', 'Tried to find it in thе roses, in the snow', 'Tried to climb it, hit a Rocky Mountain low', 'I couldn’t hidе it, like the bottle in my boot', 'When I’m deep in the dark and I look in my heart', 'And I’m looking for something true', 'I’ll be lovin’ you, no matter where I roam', 'I’ll be lovin’ you, you’re at the end of every road', 'When the stars are out at night, when the sky is crystal blue', 'I’ll do the only thing I know to do, I’ll be lovin’ you', 'Through the joy and the pain and the Mandolin Rain', 'And the nights with the man in the moon', 'You’ll always belong at the end of my song', 'Even if I’m out of tune', 'I’ll be lovin’ you, no matter where I roam', 'I’ll be lovin’ you, you’re at the end of every road', 'When the stars are out at night, when the sky is crystal blue', 'I’ll do the only thing I know to do, I’ll be lovin’ you', 'I’ll be lovin’ you', 'I’ll be lovin’ you']"
Angels (Don’t Always Have Wings),Thomas Rhett,spotify:track:5vZoQQ1hH5L2s4Y8G86ksg,"[""Yeah, I'm a mess of a man with lessons to learn"", ""You're the last thing on earth I deserve"", 'You shoulda slammed the door, changed the lock, and said adios', 'To my selfish heart, tore it apart, and left me alone', ""Don't know why you were patient and wasted good savin' on me"", ""Maybe angels don't always have wings"", ""I ain't that type of guy that miracles wake up next to"", ""For too long, I didn't know what I had but, dang, these days I do"", ""If I make it to Heaven, it'll be by a hair"", ""But one look at you and I'm there"", 'You shoulda slammed the door, changed the lock, and said adios', 'To my selfish heart, tore it apart, and left me alone', ""Don't know why you were patient and wasted good savin' on me"", ""Maybe angels don't always have"", 'Wings and halos', 'But hey, what do I know?', ""'Cause I dang near drug one through hell"", 'But you shoulda slammed the door, changed the lock, and said adios', 'To my selfish heart, tore it apart, and left me alone', ""Don't know why you were patient and wasted good savin' on me"", 'Oh, now I believe', ""That maybe angels don't always have wings"", 'Oh']"
Something's Gonna Kill Me,Corey Kent,spotify:track:41cv1emXVm5Su4DWvltXa6,"['Bought a pawnshop six-string', 'Sold my soul to rock and roll', ""They say if you ain't busy livin'"", ""Then you're just dyin' slow"", ""I wanna say I've done it all by the time it's time to go"", ""Where and when and what'll be the death of me"", 'Well, heaven only knows', 'It might be the highway and it might be these songs', 'It might be the whiskey or the smoke inside these lungs', ""Ain't no way around it"", ""One day I'm gonna die"", ""If something's gonna kill me might as well be"", 'What makes me feel alive', ""I've loved a damn good woman"", ""I've had to let one go"", ""Rode life's rollercoasters"", 'Mountain highs and valley lows', 'Broke 100 on two wheels', 'Found revival on the road', ""The devil's always on my heels but I keep him on his toes"", 'And it might be the highway and it might be these songs', 'It might be the whiskey or the smoke inside these lungs', ""Ain't no way around it"", ""One day I'm gonna die"", ""If something's gonna kill me might as well be"", 'What makes me feel alive', 'Alive, oh yeah', 'It might be the highway and it might be these songs', 'It might be the whiskey or the smoke inside these lungs', ""Ain't no way around it"", ""One day I'm gonna die"", ""If something's gonna kill me might as well be"", 'What makes me feel alive', 'Alive', 'Alive', 'Alive', ""I've made my peace with God"", ""I ain't afraid to die"", ""If something's gonna kill me""]"
